{"cameraMode":{"drawMode":0,"name":"Shaded","section":"Shading Mode"},"sceneLighting":true,"audioPlay":false,"sceneViewState":{"showFog":true,"showMaterialUpdate":false,"showSkybox":true,"showFlares":true,"showImageEffects":true,"showParticleSystems":true,"showVisualEffectGraphs":true,"m_FxEnabled":true},"in2DMode":false,"pivot":{"x":13.292000770568848,"y":3.653113842010498,"z":-51.701210021972659},"rotation":{"x":-0.004746078979223967,"y":1.0002093315124512,"z":0.019747888669371606,"w":0.008340596221387387},"size":20.042020797729493,"orthographic":false}